Asylum Seeker Resource Centre,Kon Karapanagiotidis,Transfield Services Executive,Vincent Nicoletti
Asylum Seeker Resource Centre,Matthew Tutty,Transfield Services Executive,Kate Munnings
Asylum Seeker Resource Centre,Ben Robb,Transfield Services Executive,Stephen Phillips
Asylum Seeker Resource Centre,Brigid Arthur,Transfield Services Executive,Ian Maxted
Asylum Seeker Resource Centre,Nga Luu,Transfield Services Executive,Joe Sofra
Asylum Seeker Resource Centre,Paul Harrison,Transfield Services Executive,Philip Wratt
Asylum Seeker Resource Centre,Rebekah Lautman,,
Asylum Seeker Resource Centre,Kate Sutton,,
Transfield Services,Diane Smith-Gander,,
Transfield Services,Graeme Hunt,,
Transfield Services,Dean Pritchard,,
Transfield Services,Douglas Snedden,,
Transfield Services,Kathy Hirschfeld,,
Transfield Services,Roy McKelvie,,
Transfield Services,Steven Crane,,
Transfield Holdings,David Gonski,,
Transfield Holdings,Luca Belgiorno-Nettis,,
Transfield Holdings,Guido Belgiorno-Nettis,,
Transfield Holdings,Nicholas James,,
Transfield Foundation,Elizabeth Hunter,,
Transfield Foundation,Catherine Baldwin,,
Telstra,Catherine Livingstone,,
Telstra,David Thodey,,
Telstra,Geoffrey Cousins,,
Telstra,Russell Higgins,,
Telstra,Chin Hu Lim,,
Telstra,John Mullen,,
Telstra,Nora Scheinkestel,,
Telstra,Margaret Seale,,
Telstra,Steven Vamos,,
Telstra,John Zeglis,,
National Australia Bank,Michael Chaney,,
National Australia Bank,Cameron Clyne,,
National Australia Bank,Daniel Gilbert,,
National Australia Bank,Kenneth Henry,,
National Australia Bank,Geraldine McBride,,
National Australia Bank,Paul J Rizzo,,
National Australia Bank,Jillian Segal,,
National Australia Bank,John Thorn,,
National Australia Bank,Geoffrey Tomlinson,,
National Australia Bank,John Waller,,
National Australia Bank,Anthony Yuen,,
St James Ethics Centre,Sally Treeby,,
St James Ethics Centre,Geoffrey Cousins,,
St James Ethics Centre,Russell Higgins,,
Commission of Audit,Tony Shepherd,,
Commission of Audit,Peter Boxall,,
Commission of Audit,Amanda Vanstone,,
Commission of Audit,Tony Cole,,
Commission of Audit,Robert Fisher,,
Decmil,Giles Everist,,
Decmil,Scott Criddle,,
Decmil,Denis Criddle,,
Decmil,William Healy,,
Decmil,Lee Verios,,
Decmil,Trevor Davis,,
